<?xml version="1.0" encoding="UTF-8"?>
<data>
  <language linkBtnURL="images/gotoSite.png" />
  <item fileType="IMAGE" duration="8000" URL="images/01.png" linkURL="http://www.lanrentuku.com/" target="_blank" gameid="UpClick" index="1">
    <thumbnail URL="images/s1.png" type="EVENT" description1="UPCLICK" description2="BONUS G COIN!" />
    <title><![CDATA[Less Paying, More Time Playing!]]></title>
    <description><![CDATA[Choose UpClick to buy your G Coin.
Get 15% bonus G Coin & you could win the ultimate Alien Gaming Package.
Offer valid November 19 through December 3]]></description>
  </item>
  <item fileType="IMAGE" duration="8000" URL="images/02.jpg" linkURL="http://www.lanrentuku.com/" target="" gameid="SF" index="2">
    <thumbnail URL="images/s2.png" type="UPDATE" description1="SOLDIER FRONT" description2="NOV. UPDATE!" />
    <title><![CDATA[SOLDIER FRONT!]]></title>
    <description><![CDATA[New Weapon Bomb: Dragon PSG-1
New Map: Toy Tower
New Spray Items]]></description>
  </item>
  <item fileType="IMAGE" duration="8000" URL="images/03.jpg" linkURL="http://www.lanrentuku.com/" target="" gameid="Lunia" index="3">
    <thumbnail URL="images/s3.jpg" type="EVENT" description1="THANKSGIVING" description2="IN LUNIA" />
    <title><![CDATA[Thanksgiving in Lunia!]]></title>
    <description><![CDATA[We would like to give thanks to you, our players by holding a character event!
If you have been waiting to get Lime, Dacy, Krieg, Yuki for nearly free, 
don’t miss this opportunity! We wish you a very happy Thanksgiving Day!]]></description>
  </item>
  <item fileType="IMAGE" duration="8000" URL="images/04.jpg" linkURL="http://www.lanrentuku.com/" target="" gameid="ijji BI" index="4">
    <thumbnail URL="images/s4.jpg" type="NEW" description1="IJJI" description2="BRAND LOGO" />
  </item>
  <item fileType="IMAGE" duration="8000" URL="images/05.jpg" linkURL="http://www.lanrentuku.com/" target="" gameid="GUNZ" index="5">
    <thumbnail URL="images/s5.jpg" type="EVENT" description1="GUNZ" description2="THANKSGIVING" />
    <title><![CDATA[GUNZ: THE DUEL]]></title>
    <description><![CDATA[Happy Thanksgiving from GunZ.  This Thanksgiving we will be doing a Turkey Hunt Event!]]></description>
  </item>
  <item fileType="IMAGE" duration="8000" URL="images/06.jpg" linkURL="http://www.lanrentuku.com/" target="" gameid="ijji Reward Points" index="6">
    <thumbnail URL="images/s6.jpg" type="NEW" description1="IJJI REWARD" description2="POINTS" />
    <title><![CDATA[ijji Introduces 'Reward Points']]></title>
    <description><![CDATA[What are ijji Reward Points?
Starting November 3rd at 5PM, ijji will reward you with Reward Points
for G Coin purchases that can be redeemed for G Coin, 
or make you eligible for exclusive events!

Visit ‘ijji Reward Points’ today to find out more!]]></description>
  </item>
  <item fileType="IMAGE" duration="10000" URL="images/07.jpg" linkURL="http://www.lanrentuku.com/" target="" gameid="Walgreens" index="7">
    <thumbnail URL="images/s7.jpg" type="NEW" description1="G COIN CARDS" description2="AT WALGREENS" />
    <title><![CDATA[G Coin cards now in Walgreens!]]></title>
    <description><![CDATA[G Coin cards now available at your local Walgreens.
Get yours today!]]></description>
  </item>
  <item fileType="IMAGE" duration="10000" URL="images/08.jpg" linkURL="http://www.lanrentuku.com/" target="" gameid="GoCash" index="8">
    <thumbnail URL="images/s8.jpg" type="NEW" description1="GO CASH" description2="AT GAMESTOP" />
    <title><![CDATA[GoCash at GameStop!]]></title>
    <description><![CDATA[GoCash game cards are now available at GameStop and they are
giving a bonus 10% G Coin on all G Coin purchases using GoCash!

Claim your bonus G Coin before December 9th.]]></description>
  </item>
  <item fileType="IMAGE" duration="8000" URL="images/09.jpg" linkURL="http://www.lanrentuku.com/" target="" gameid="Atlantica" index="9">
    <thumbnail URL="images/s9.jpg" type="EVENT" description1="SADDLE UP" description2="IN ATLANTICA" />
    <title><![CDATA[Join Atlantica Today!]]></title>
    <description><![CDATA[Join ijji Atlantica during the event period
and receive a free brown horse as well as other awesome prizes!

JOIN NOW, before it's too late!]]></description>
  </item>
  <item fileType="IMAGE" duration="10000" URL="images/10.jpg" linkURL="http://www.lanrentuku.com/" target="" gameid="SocNet" index="10">
    <thumbnail URL="images/s10.jpg" type="NOTICE" description1="FACEBOOK" description2="&amp; TWITTER!" />
  </item>
</data>

