<?xml version="1.0" encoding="euc-kr"?>
<URL>

<Image_Information>
		<img_name>kor_main image01</img_name>
		<img_link>http://www.lanrentuku.com/</img_link>
		<thumb_image>mainflash/kor_img/01.jpg</thumb_image>
	</Image_Information>

<Image_Information>
		<img_name>kor_main image02</img_name>
		<img_link>http://www.lanrentuku.com/</img_link>
		<thumb_image>mainflash/kor_img/02.jpg</thumb_image>
	</Image_Information>

<Image_Information>
		<img_name>kor_main image03</img_name>
		<img_link>http://www.lanrentuku.com/</img_link>
		<thumb_image>mainflash/kor_img/03.jpg</thumb_image>
	</Image_Information>

<Image_Information>
		<img_name>kor_main image04</img_name>
		<img_link>http://www.lanrentuku.com/</img_link>
		<thumb_image>mainflash/kor_img/04.jpg</thumb_image>
	</Image_Information>

<Image_Information>
		<img_name>kor_main image05</img_name>
		<img_link>http://www.lanrentuku.com/</img_link>
		<thumb_image>mainflash/kor_img/05.jpg</thumb_image>
	</Image_Information>

<Image_Information>
		<img_name>kor_main image06</img_name>
		<img_link>http://www.lanrentuku.com/</img_link>
		<thumb_image>mainflash/kor_img/06.jpg</thumb_image>
	</Image_Information>
	
	<Image_Information>
		<img_name>kor_main image07</img_name>
		<img_link>http://www.lanrentuku.com/</img_link>
		<thumb_image>mainflash/kor_img/07.jpg</thumb_image>
	</Image_Information>
	
<Image_Information>
		<img_name>kor_main image08</img_name>
		<img_link>http://www.lanrentuku.com/</img_link>
		<thumb_image>mainflash/kor_img/08.jpg</thumb_image>
	</Image_Information>
	
<Image_Information>
		<img_name>kor_main image09</img_name>
		<img_link>http://www.lanrentuku.com/</img_link>
		<thumb_image>mainflash/kor_img/09.jpg</thumb_image>
	</Image_Information>	
	
<Image_Information>
		<img_name>kor_main image10</img_name>
		<img_link>http://www.lanrentuku.com/</img_link>
		<thumb_image>mainflash/kor_img/10.jpg</thumb_image>
	</Image_Information>
	
<Image_Information>
		<img_name>kor_main image11</img_name>
		<img_link>http://www.lanrentuku.com/</img_link>
		<thumb_image>mainflash/kor_img/11.jpg</thumb_image>
	</Image_Information>
	
<Image_Information>
		<img_name>kor_main image12</img_name>
		<img_link>http://www.lanrentuku.com/</img_link>
		<thumb_image>mainflash/kor_img/12.jpg</thumb_image>
	</Image_Information>
		
<Image_Information>
		<img_name>kor_main image13</img_name>
		<img_link>http://www.lanrentuku.com/</img_link>
		<thumb_image>mainflash/kor_img/13.jpg</thumb_image>
	</Image_Information>
	
	<Image_Information>
		<img_name>kor_main image14</img_name>
		<img_link>http://www.lanrentuku.com/</img_link>
		<thumb_image>mainflash/kor_img/14.jpg</thumb_image>
	</Image_Information>
	
</URL>